{"frames": [


{
	"filename": "die0001.png",
	"frame": {"x":864,"y":2,"w":107,"h":149},
	"rotated": false,
	"trimmed": true,
	"spriteSourceSize": {"x":15,"y":11,"w":107,"h":149},
	"sourceSize": {"w":161,"h":165}
},
{
	"filename": "die0002.png",
	"frame": {"x":2,"y":158,"w":121,"h":123},
	"rotated": false,
	"trimmed": true,
	"spriteSourceSize": {"x":11,"y":22,"w":121,"h":123},
	"sourceSize": {"w":161,"h":165}
},
{
	"filename": "die0003.png",
	"frame": {"x":125,"y":158,"w":127,"h":111},
	"rotated": false,
	"trimmed": true,
	"spriteSourceSize": {"x":12,"y":30,"w":127,"h":111},
	"sourceSize": {"w":161,"h":165}
},
{
	"filename": "die0004.png",
	"frame": {"x":254,"y":158,"w":129,"h":99},
	"rotated": false,
	"trimmed": true,
	"spriteSourceSize": {"x":16,"y":38,"w":129,"h":99},
	"sourceSize": {"w":161,"h":165}
},
{
	"filename": "die0005.png",
	"frame": {"x":385,"y":158,"w":147,"h":91},
	"rotated": false,
	"trimmed": true,
	"spriteSourceSize": {"x":3,"y":44,"w":147,"h":91},
	"sourceSize": {"w":161,"h":165}
},
{
	"filename": "die0006.png",
	"frame": {"x":534,"y":158,"w":139,"h":119},
	"rotated": false,
	"trimmed": true,
	"spriteSourceSize": {"x":14,"y":15,"w":139,"h":119},
	"sourceSize": {"w":161,"h":165}
},
{
	"filename": "die0007.png",
	"frame": {"x":675,"y":158,"w":137,"h":135},
	"rotated": false,
	"trimmed": true,
	"spriteSourceSize": {"x":18,"y":2,"w":137,"h":135},
	"sourceSize": {"w":161,"h":165}
},
{
	"filename": "die0008.png",
	"frame": {"x":814,"y":158,"w":149,"h":137},
	"rotated": false,
	"trimmed": true,
	"spriteSourceSize": {"x":7,"y":1,"w":149,"h":137},
	"sourceSize": {"w":161,"h":165}
},
{
	"filename": "die0009.png",
	"frame": {"x":2,"y":297,"w":155,"h":135},
	"rotated": false,
	"trimmed": true,
	"spriteSourceSize": {"x":1,"y":3,"w":155,"h":135},
	"sourceSize": {"w":161,"h":165}
},
{
	"filename": "die0010.png",
	"frame": {"x":159,"y":297,"w":155,"h":135},
	"rotated": false,
	"trimmed": true,
	"spriteSourceSize": {"x":1,"y":3,"w":155,"h":135},
	"sourceSize": {"w":161,"h":165}
},
{
	"filename": "die0011.png",
	"frame": {"x":316,"y":297,"w":153,"h":127},
	"rotated": false,
	"trimmed": true,
	"spriteSourceSize": {"x":3,"y":11,"w":153,"h":127},
	"sourceSize": {"w":161,"h":165}
},
{
	"filename": "die0012.png",
	"frame": {"x":471,"y":297,"w":139,"h":135},
	"rotated": false,
	"trimmed": true,
	"spriteSourceSize": {"x":17,"y":3,"w":139,"h":135},
	"sourceSize": {"w":161,"h":165}
},
{
	"filename": "die0013.png",
	"frame": {"x":612,"y":297,"w":133,"h":133},
	"rotated": false,
	"trimmed": true,
	"spriteSourceSize": {"x":23,"y":5,"w":133,"h":133},
	"sourceSize": {"w":161,"h":165}
},
{
	"filename": "die0014.png",
	"frame": {"x":747,"y":297,"w":133,"h":119},
	"rotated": false,
	"trimmed": true,
	"spriteSourceSize": {"x":23,"y":19,"w":133,"h":119},
	"sourceSize": {"w":161,"h":165}
},
{
	"filename": "die0015.png",
	"frame": {"x":882,"y":297,"w":133,"h":97},
	"rotated": false,
	"trimmed": true,
	"spriteSourceSize": {"x":23,"y":41,"w":133,"h":97},
	"sourceSize": {"w":161,"h":165}
},
{
	"filename": "die0016.png",
	"frame": {"x":2,"y":434,"w":133,"h":103},
	"rotated": false,
	"trimmed": true,
	"spriteSourceSize": {"x":23,"y":35,"w":133,"h":103},
	"sourceSize": {"w":161,"h":165}
},
{
	"filename": "die0017.png",
	"frame": {"x":137,"y":434,"w":133,"h":107},
	"rotated": false,
	"trimmed": true,
	"spriteSourceSize": {"x":23,"y":31,"w":133,"h":107},
	"sourceSize": {"w":161,"h":165}
},
{
	"filename": "die0018.png",
	"frame": {"x":272,"y":434,"w":135,"h":99},
	"rotated": false,
	"trimmed": true,
	"spriteSourceSize": {"x":21,"y":39,"w":135,"h":99},
	"sourceSize": {"w":161,"h":165}
},
{
	"filename": "die0019.png",
	"frame": {"x":409,"y":434,"w":137,"h":87},
	"rotated": false,
	"trimmed": true,
	"spriteSourceSize": {"x":19,"y":51,"w":137,"h":87},
	"sourceSize": {"w":161,"h":165}
},
{
	"filename": "die0020.png",
	"frame": {"x":548,"y":434,"w":141,"h":87},
	"rotated": false,
	"trimmed": true,
	"spriteSourceSize": {"x":15,"y":51,"w":141,"h":87},
	"sourceSize": {"w":161,"h":165}
},
{
	"filename": "hert.png",
	"frame": {"x":691,"y":434,"w":89,"h":152},
	"rotated": false,
	"trimmed": true,
	"spriteSourceSize": {"x":0,"y":1,"w":89,"h":152},
	"sourceSize": {"w":95,"h":158}
},
{
	"filename": "idle0001.png",
	"frame": {"x":782,"y":434,"w":83,"h":151},
	"rotated": false,
	"trimmed": true,
	"spriteSourceSize": {"x":0,"y":1,"w":83,"h":151},
	"sourceSize": {"w":93,"h":157}
},
{
	"filename": "idle0002.png",
	"frame": {"x":867,"y":434,"w":83,"h":151},
	"rotated": false,
	"trimmed": true,
	"spriteSourceSize": {"x":0,"y":1,"w":83,"h":151},
	"sourceSize": {"w":93,"h":157}
},
{
	"filename": "idle0003.png",
	"frame": {"x":2,"y":588,"w":83,"h":151},
	"rotated": false,
	"trimmed": true,
	"spriteSourceSize": {"x":0,"y":1,"w":83,"h":151},
	"sourceSize": {"w":93,"h":157}
},
{
	"filename": "idle0004.png",
	"frame": {"x":87,"y":588,"w":83,"h":151},
	"rotated": false,
	"trimmed": true,
	"spriteSourceSize": {"x":0,"y":1,"w":83,"h":151},
	"sourceSize": {"w":93,"h":157}
},
{
	"filename": "idle0005.png",
	"frame": {"x":172,"y":588,"w":83,"h":149},
	"rotated": false,
	"trimmed": true,
	"spriteSourceSize": {"x":0,"y":3,"w":83,"h":149},
	"sourceSize": {"w":93,"h":157}
},
{
	"filename": "idle0006.png",
	"frame": {"x":257,"y":588,"w":83,"h":149},
	"rotated": false,
	"trimmed": true,
	"spriteSourceSize": {"x":0,"y":3,"w":83,"h":149},
	"sourceSize": {"w":93,"h":157}
},
{
	"filename": "idle0007.png",
	"frame": {"x":342,"y":588,"w":83,"h":149},
	"rotated": false,
	"trimmed": true,
	"spriteSourceSize": {"x":0,"y":3,"w":83,"h":149},
	"sourceSize": {"w":93,"h":157}
},
{
	"filename": "idle0008.png",
	"frame": {"x":427,"y":588,"w":83,"h":149},
	"rotated": false,
	"trimmed": true,
	"spriteSourceSize": {"x":0,"y":3,"w":83,"h":149},
	"sourceSize": {"w":93,"h":157}
},
{
	"filename": "idle0009.png",
	"frame": {"x":512,"y":588,"w":83,"h":151},
	"rotated": false,
	"trimmed": true,
	"spriteSourceSize": {"x":0,"y":1,"w":83,"h":151},
	"sourceSize": {"w":93,"h":157}
},
{
	"filename": "idle0010.png",
	"frame": {"x":597,"y":588,"w":83,"h":151},
	"rotated": false,
	"trimmed": true,
	"spriteSourceSize": {"x":0,"y":1,"w":83,"h":151},
	"sourceSize": {"w":93,"h":157}
},
{
	"filename": "idle0011.png",
	"frame": {"x":682,"y":588,"w":83,"h":151},
	"rotated": false,
	"trimmed": true,
	"spriteSourceSize": {"x":0,"y":1,"w":83,"h":151},
	"sourceSize": {"w":93,"h":157}
},
{
	"filename": "idle0012.png",
	"frame": {"x":767,"y":588,"w":83,"h":151},
	"rotated": false,
	"trimmed": true,
	"spriteSourceSize": {"x":0,"y":1,"w":83,"h":151},
	"sourceSize": {"w":93,"h":157}
},
{
	"filename": "idle0013.png",
	"frame": {"x":852,"y":588,"w":83,"h":151},
	"rotated": false,
	"trimmed": true,
	"spriteSourceSize": {"x":0,"y":1,"w":83,"h":151},
	"sourceSize": {"w":93,"h":157}
},
{
	"filename": "idle0014.png",
	"frame": {"x":937,"y":588,"w":83,"h":151},
	"rotated": false,
	"trimmed": true,
	"spriteSourceSize": {"x":0,"y":1,"w":83,"h":151},
	"sourceSize": {"w":93,"h":157}
},
{
	"filename": "idle0015.png",
	"frame": {"x":2,"y":741,"w":83,"h":151},
	"rotated": false,
	"trimmed": true,
	"spriteSourceSize": {"x":0,"y":1,"w":83,"h":151},
	"sourceSize": {"w":93,"h":157}
},
{
	"filename": "idle0016.png",
	"frame": {"x":87,"y":741,"w":83,"h":151},
	"rotated": false,
	"trimmed": true,
	"spriteSourceSize": {"x":0,"y":1,"w":83,"h":151},
	"sourceSize": {"w":93,"h":157}
},
{
	"filename": "idle0017.png",
	"frame": {"x":172,"y":741,"w":83,"h":151},
	"rotated": false,
	"trimmed": true,
	"spriteSourceSize": {"x":0,"y":1,"w":83,"h":151},
	"sourceSize": {"w":93,"h":157}
}],
"meta": {
	"app": "http://www.codeandweb.com/texturepacker ",
	"version": "1.0",
	"image": "hero.png",
	"format": "RGBA8888",
	"size": {"w":1024,"h":2048},
	"scale": "1",
	"smartupdate": "$TexturePacker:SmartUpdate:b91de2c553c663b47772c49af86f8f7e:cdbde8a5ebcd9cf0e332a00e6e1f006a:eec64b416d3f54b5cb5181ef71d8f236$"
}
}
