{"frames": [

{
	"filename": "break0001.png",
	"frame": {"x":2,"y":2,"w":92,"h":152},
	"rotated": false,
	"trimmed": true,
	"spriteSourceSize": {"x":8,"y":0,"w":92,"h":152},
	"sourceSize": {"w":108,"h":160}
},
{
	"filename": "break0002.png",
	"frame": {"x":96,"y":2,"w":94,"h":150},
	"rotated": false,
	"trimmed": true,
	"spriteSourceSize": {"x":7,"y":1,"w":94,"h":150},
	"sourceSize": {"w":108,"h":160}
},
{
	"filename": "break0003.png",
	"frame": {"x":192,"y":2,"w":96,"h":150},
	"rotated": false,
	"trimmed": true,
	"spriteSourceSize": {"x":5,"y":1,"w":96,"h":150},
	"sourceSize": {"w":108,"h":160}
},
{
	"filename": "break0004.png",
	"frame": {"x":290,"y":2,"w":96,"h":148},
	"rotated": false,
	"trimmed": true,
	"spriteSourceSize": {"x":5,"y":3,"w":96,"h":148},
	"sourceSize": {"w":108,"h":160}
},
{
	"filename": "break0005.png",
	"frame": {"x":388,"y":2,"w":96,"h":148},
	"rotated": false,
	"trimmed": true,
	"spriteSourceSize": {"x":5,"y":3,"w":96,"h":148},
	"sourceSize": {"w":108,"h":160}
},
{
	"filename": "break0006.png",
	"frame": {"x":486,"y":2,"w":94,"h":150},
	"rotated": false,
	"trimmed": true,
	"spriteSourceSize": {"x":6,"y":2,"w":94,"h":150},
	"sourceSize": {"w":108,"h":160}
},
{
	"filename": "break0007.png",
	"frame": {"x":582,"y":2,"w":92,"h":152},
	"rotated": false,
	"trimmed": true,
	"spriteSourceSize": {"x":7,"y":1,"w":92,"h":152},
	"sourceSize": {"w":108,"h":160}
},
{
	"filename": "break0008.png",
	"frame": {"x":676,"y":2,"w":92,"h":154},
	"rotated": false,
	"trimmed": true,
	"spriteSourceSize": {"x":7,"y":0,"w":92,"h":154},
	"sourceSize": {"w":108,"h":160}
},
{
	"filename": "break0009.png",
	"frame": {"x":770,"y":2,"w":92,"h":154},
	"rotated": false,
	"trimmed": true,
	"spriteSourceSize": {"x":7,"y":0,"w":92,"h":154},
	"sourceSize": {"w":108,"h":160}
},
{
	"filename": "die0001.png",
	"frame": {"x":864,"y":2,"w":107,"h":149},
	"rotated": false,
	"trimmed": true,
	"spriteSourceSize": {"x":15,"y":11,"w":107,"h":149},
	"sourceSize": {"w":161,"h":165}
},
{
	"filename": "die0002.png",
	"frame": {"x":2,"y":158,"w":121,"h":123},
	"rotated": false,
	"trimmed": true,
	"spriteSourceSize": {"x":11,"y":22,"w":121,"h":123},
	"sourceSize": {"w":161,"h":165}
},
{
	"filename": "die0003.png",
	"frame": {"x":125,"y":158,"w":127,"h":111},
	"rotated": false,
	"trimmed": true,
	"spriteSourceSize": {"x":12,"y":30,"w":127,"h":111},
	"sourceSize": {"w":161,"h":165}
},
{
	"filename": "die0004.png",
	"frame": {"x":254,"y":158,"w":129,"h":99},
	"rotated": false,
	"trimmed": true,
	"spriteSourceSize": {"x":16,"y":38,"w":129,"h":99},
	"sourceSize": {"w":161,"h":165}
},
{
	"filename": "die0005.png",
	"frame": {"x":385,"y":158,"w":147,"h":91},
	"rotated": false,
	"trimmed": true,
	"spriteSourceSize": {"x":3,"y":44,"w":147,"h":91},
	"sourceSize": {"w":161,"h":165}
},
{
	"filename": "die0006.png",
	"frame": {"x":534,"y":158,"w":139,"h":119},
	"rotated": false,
	"trimmed": true,
	"spriteSourceSize": {"x":14,"y":15,"w":139,"h":119},
	"sourceSize": {"w":161,"h":165}
},
{
	"filename": "die0007.png",
	"frame": {"x":675,"y":158,"w":137,"h":135},
	"rotated": false,
	"trimmed": true,
	"spriteSourceSize": {"x":18,"y":2,"w":137,"h":135},
	"sourceSize": {"w":161,"h":165}
},
{
	"filename": "die0008.png",
	"frame": {"x":814,"y":158,"w":149,"h":137},
	"rotated": false,
	"trimmed": true,
	"spriteSourceSize": {"x":7,"y":1,"w":149,"h":137},
	"sourceSize": {"w":161,"h":165}
},
{
	"filename": "die0009.png",
	"frame": {"x":2,"y":297,"w":155,"h":135},
	"rotated": false,
	"trimmed": true,
	"spriteSourceSize": {"x":1,"y":3,"w":155,"h":135},
	"sourceSize": {"w":161,"h":165}
},
{
	"filename": "die0010.png",
	"frame": {"x":159,"y":297,"w":155,"h":135},
	"rotated": false,
	"trimmed": true,
	"spriteSourceSize": {"x":1,"y":3,"w":155,"h":135},
	"sourceSize": {"w":161,"h":165}
},
{
	"filename": "die0011.png",
	"frame": {"x":316,"y":297,"w":153,"h":127},
	"rotated": false,
	"trimmed": true,
	"spriteSourceSize": {"x":3,"y":11,"w":153,"h":127},
	"sourceSize": {"w":161,"h":165}
},
{
	"filename": "die0012.png",
	"frame": {"x":471,"y":297,"w":139,"h":135},
	"rotated": false,
	"trimmed": true,
	"spriteSourceSize": {"x":17,"y":3,"w":139,"h":135},
	"sourceSize": {"w":161,"h":165}
},
{
	"filename": "die0013.png",
	"frame": {"x":612,"y":297,"w":133,"h":133},
	"rotated": false,
	"trimmed": true,
	"spriteSourceSize": {"x":23,"y":5,"w":133,"h":133},
	"sourceSize": {"w":161,"h":165}
},
{
	"filename": "die0014.png",
	"frame": {"x":747,"y":297,"w":133,"h":119},
	"rotated": false,
	"trimmed": true,
	"spriteSourceSize": {"x":23,"y":19,"w":133,"h":119},
	"sourceSize": {"w":161,"h":165}
},
{
	"filename": "die0015.png",
	"frame": {"x":882,"y":297,"w":133,"h":97},
	"rotated": false,
	"trimmed": true,
	"spriteSourceSize": {"x":23,"y":41,"w":133,"h":97},
	"sourceSize": {"w":161,"h":165}
},
{
	"filename": "die0016.png",
	"frame": {"x":2,"y":434,"w":133,"h":103},
	"rotated": false,
	"trimmed": true,
	"spriteSourceSize": {"x":23,"y":35,"w":133,"h":103},
	"sourceSize": {"w":161,"h":165}
},
{
	"filename": "die0017.png",
	"frame": {"x":137,"y":434,"w":133,"h":107},
	"rotated": false,
	"trimmed": true,
	"spriteSourceSize": {"x":23,"y":31,"w":133,"h":107},
	"sourceSize": {"w":161,"h":165}
},
{
	"filename": "die0018.png",
	"frame": {"x":272,"y":434,"w":135,"h":99},
	"rotated": false,
	"trimmed": true,
	"spriteSourceSize": {"x":21,"y":39,"w":135,"h":99},
	"sourceSize": {"w":161,"h":165}
},
{
	"filename": "die0019.png",
	"frame": {"x":409,"y":434,"w":137,"h":87},
	"rotated": false,
	"trimmed": true,
	"spriteSourceSize": {"x":19,"y":51,"w":137,"h":87},
	"sourceSize": {"w":161,"h":165}
},
{
	"filename": "die0020.png",
	"frame": {"x":548,"y":434,"w":141,"h":87},
	"rotated": false,
	"trimmed": true,
	"spriteSourceSize": {"x":15,"y":51,"w":141,"h":87},
	"sourceSize": {"w":161,"h":165}
},
{
	"filename": "hert.png",
	"frame": {"x":691,"y":434,"w":89,"h":152},
	"rotated": false,
	"trimmed": true,
	"spriteSourceSize": {"x":0,"y":1,"w":89,"h":152},
	"sourceSize": {"w":95,"h":158}
},
{
	"filename": "idle0001.png",
	"frame": {"x":782,"y":434,"w":83,"h":151},
	"rotated": false,
	"trimmed": true,
	"spriteSourceSize": {"x":0,"y":1,"w":83,"h":151},
	"sourceSize": {"w":93,"h":157}
},
{
	"filename": "idle0002.png",
	"frame": {"x":867,"y":434,"w":83,"h":151},
	"rotated": false,
	"trimmed": true,
	"spriteSourceSize": {"x":0,"y":1,"w":83,"h":151},
	"sourceSize": {"w":93,"h":157}
},
{
	"filename": "idle0003.png",
	"frame": {"x":2,"y":588,"w":83,"h":151},
	"rotated": false,
	"trimmed": true,
	"spriteSourceSize": {"x":0,"y":1,"w":83,"h":151},
	"sourceSize": {"w":93,"h":157}
},
{
	"filename": "idle0004.png",
	"frame": {"x":87,"y":588,"w":83,"h":151},
	"rotated": false,
	"trimmed": true,
	"spriteSourceSize": {"x":0,"y":1,"w":83,"h":151},
	"sourceSize": {"w":93,"h":157}
},
{
	"filename": "idle0005.png",
	"frame": {"x":172,"y":588,"w":83,"h":149},
	"rotated": false,
	"trimmed": true,
	"spriteSourceSize": {"x":0,"y":3,"w":83,"h":149},
	"sourceSize": {"w":93,"h":157}
},
{
	"filename": "idle0006.png",
	"frame": {"x":257,"y":588,"w":83,"h":149},
	"rotated": false,
	"trimmed": true,
	"spriteSourceSize": {"x":0,"y":3,"w":83,"h":149},
	"sourceSize": {"w":93,"h":157}
},
{
	"filename": "idle0007.png",
	"frame": {"x":342,"y":588,"w":83,"h":149},
	"rotated": false,
	"trimmed": true,
	"spriteSourceSize": {"x":0,"y":3,"w":83,"h":149},
	"sourceSize": {"w":93,"h":157}
},
{
	"filename": "idle0008.png",
	"frame": {"x":427,"y":588,"w":83,"h":149},
	"rotated": false,
	"trimmed": true,
	"spriteSourceSize": {"x":0,"y":3,"w":83,"h":149},
	"sourceSize": {"w":93,"h":157}
},
{
	"filename": "idle0009.png",
	"frame": {"x":512,"y":588,"w":83,"h":151},
	"rotated": false,
	"trimmed": true,
	"spriteSourceSize": {"x":0,"y":1,"w":83,"h":151},
	"sourceSize": {"w":93,"h":157}
},
{
	"filename": "idle0010.png",
	"frame": {"x":597,"y":588,"w":83,"h":151},
	"rotated": false,
	"trimmed": true,
	"spriteSourceSize": {"x":0,"y":1,"w":83,"h":151},
	"sourceSize": {"w":93,"h":157}
},
{
	"filename": "idle0011.png",
	"frame": {"x":682,"y":588,"w":83,"h":151},
	"rotated": false,
	"trimmed": true,
	"spriteSourceSize": {"x":0,"y":1,"w":83,"h":151},
	"sourceSize": {"w":93,"h":157}
},
{
	"filename": "idle0012.png",
	"frame": {"x":767,"y":588,"w":83,"h":151},
	"rotated": false,
	"trimmed": true,
	"spriteSourceSize": {"x":0,"y":1,"w":83,"h":151},
	"sourceSize": {"w":93,"h":157}
},
{
	"filename": "idle0013.png",
	"frame": {"x":852,"y":588,"w":83,"h":151},
	"rotated": false,
	"trimmed": true,
	"spriteSourceSize": {"x":0,"y":1,"w":83,"h":151},
	"sourceSize": {"w":93,"h":157}
},
{
	"filename": "idle0014.png",
	"frame": {"x":937,"y":588,"w":83,"h":151},
	"rotated": false,
	"trimmed": true,
	"spriteSourceSize": {"x":0,"y":1,"w":83,"h":151},
	"sourceSize": {"w":93,"h":157}
},
{
	"filename": "idle0015.png",
	"frame": {"x":2,"y":741,"w":83,"h":151},
	"rotated": false,
	"trimmed": true,
	"spriteSourceSize": {"x":0,"y":1,"w":83,"h":151},
	"sourceSize": {"w":93,"h":157}
},
{
	"filename": "idle0016.png",
	"frame": {"x":87,"y":741,"w":83,"h":151},
	"rotated": false,
	"trimmed": true,
	"spriteSourceSize": {"x":0,"y":1,"w":83,"h":151},
	"sourceSize": {"w":93,"h":157}
},
{
	"filename": "idle0017.png",
	"frame": {"x":172,"y":741,"w":83,"h":151},
	"rotated": false,
	"trimmed": true,
	"spriteSourceSize": {"x":0,"y":1,"w":83,"h":151},
	"sourceSize": {"w":93,"h":157}
},
{
	"filename": "jump.png",
	"frame": {"x":257,"y":741,"w":90,"h":120},
	"rotated": false,
	"trimmed": true,
	"spriteSourceSize": {"x":0,"y":1,"w":90,"h":120},
	"sourceSize": {"w":100,"h":126}
},
{
	"filename": "shoot0001.png",
	"frame": {"x":349,"y":741,"w":83,"h":152},
	"rotated": false,
	"trimmed": true,
	"spriteSourceSize": {"x":9,"y":1,"w":83,"h":152},
	"sourceSize": {"w":115,"h":160}
},
{
	"filename": "shoot0002.png",
	"frame": {"x":434,"y":741,"w":83,"h":152},
	"rotated": false,
	"trimmed": true,
	"spriteSourceSize": {"x":7,"y":1,"w":83,"h":152},
	"sourceSize": {"w":115,"h":160}
},
{
	"filename": "shoot0003.png",
	"frame": {"x":519,"y":741,"w":85,"h":152},
	"rotated": false,
	"trimmed": true,
	"spriteSourceSize": {"x":5,"y":1,"w":85,"h":152},
	"sourceSize": {"w":115,"h":160}
},
{
	"filename": "shoot0004.png",
	"frame": {"x":606,"y":741,"w":81,"h":152},
	"rotated": false,
	"trimmed": true,
	"spriteSourceSize": {"x":5,"y":1,"w":81,"h":152},
	"sourceSize": {"w":115,"h":160}
},
{
	"filename": "shoot0005.png",
	"frame": {"x":689,"y":741,"w":79,"h":152},
	"rotated": false,
	"trimmed": true,
	"spriteSourceSize": {"x":3,"y":1,"w":79,"h":152},
	"sourceSize": {"w":115,"h":160}
},
{
	"filename": "shoot0006.png",
	"frame": {"x":770,"y":741,"w":81,"h":152},
	"rotated": false,
	"trimmed": true,
	"spriteSourceSize": {"x":2,"y":1,"w":81,"h":152},
	"sourceSize": {"w":115,"h":160}
},
{
	"filename": "shoot0007.png",
	"frame": {"x":853,"y":741,"w":81,"h":152},
	"rotated": false,
	"trimmed": true,
	"spriteSourceSize": {"x":2,"y":1,"w":81,"h":152},
	"sourceSize": {"w":115,"h":160}
},
{
	"filename": "shoot0008.png",
	"frame": {"x":936,"y":741,"w":83,"h":152},
	"rotated": false,
	"trimmed": true,
	"spriteSourceSize": {"x":0,"y":1,"w":83,"h":152},
	"sourceSize": {"w":115,"h":160}
},
{
	"filename": "shoot0009.png",
	"frame": {"x":2,"y":895,"w":83,"h":152},
	"rotated": false,
	"trimmed": true,
	"spriteSourceSize": {"x":0,"y":1,"w":83,"h":152},
	"sourceSize": {"w":115,"h":160}
},
{
	"filename": "shoot0010.png",
	"frame": {"x":87,"y":895,"w":83,"h":152},
	"rotated": false,
	"trimmed": true,
	"spriteSourceSize": {"x":0,"y":1,"w":83,"h":152},
	"sourceSize": {"w":115,"h":160}
},
{
	"filename": "shoot0011.png",
	"frame": {"x":172,"y":895,"w":81,"h":152},
	"rotated": false,
	"trimmed": true,
	"spriteSourceSize": {"x":2,"y":1,"w":81,"h":152},
	"sourceSize": {"w":115,"h":160}
},
{
	"filename": "shoot0012.png",
	"frame": {"x":255,"y":895,"w":81,"h":152},
	"rotated": false,
	"trimmed": true,
	"spriteSourceSize": {"x":2,"y":1,"w":81,"h":152},
	"sourceSize": {"w":115,"h":160}
},
{
	"filename": "shoot0013.png",
	"frame": {"x":338,"y":895,"w":77,"h":152},
	"rotated": false,
	"trimmed": true,
	"spriteSourceSize": {"x":6,"y":1,"w":77,"h":152},
	"sourceSize": {"w":115,"h":160}
},
{
	"filename": "shoot0014.png",
	"frame": {"x":417,"y":895,"w":75,"h":152},
	"rotated": false,
	"trimmed": true,
	"spriteSourceSize": {"x":12,"y":1,"w":75,"h":152},
	"sourceSize": {"w":115,"h":160}
},
{
	"filename": "shoot0015.png",
	"frame": {"x":494,"y":895,"w":77,"h":152},
	"rotated": false,
	"trimmed": true,
	"spriteSourceSize": {"x":17,"y":1,"w":77,"h":152},
	"sourceSize": {"w":115,"h":160}
},
{
	"filename": "shoot0016.png",
	"frame": {"x":573,"y":895,"w":89,"h":152},
	"rotated": false,
	"trimmed": true,
	"spriteSourceSize": {"x":15,"y":1,"w":89,"h":152},
	"sourceSize": {"w":115,"h":160}
},
{
	"filename": "shoot0017.png",
	"frame": {"x":664,"y":895,"w":99,"h":152},
	"rotated": false,
	"trimmed": true,
	"spriteSourceSize": {"x":11,"y":1,"w":99,"h":152},
	"sourceSize": {"w":115,"h":160}
},
{
	"filename": "shoot0018.png",
	"frame": {"x":765,"y":895,"w":99,"h":152},
	"rotated": false,
	"trimmed": true,
	"spriteSourceSize": {"x":9,"y":1,"w":99,"h":152},
	"sourceSize": {"w":115,"h":160}
},
{
	"filename": "shoot0019.png",
	"frame": {"x":866,"y":895,"w":97,"h":152},
	"rotated": false,
	"trimmed": true,
	"spriteSourceSize": {"x":9,"y":1,"w":97,"h":152},
	"sourceSize": {"w":115,"h":160}
},
{
	"filename": "shoot0020.png",
	"frame": {"x":2,"y":1049,"w":95,"h":152},
	"rotated": false,
	"trimmed": true,
	"spriteSourceSize": {"x":10,"y":1,"w":95,"h":152},
	"sourceSize": {"w":115,"h":160}
},
{
	"filename": "shoot0021.png",
	"frame": {"x":99,"y":1049,"w":93,"h":152},
	"rotated": false,
	"trimmed": true,
	"spriteSourceSize": {"x":10,"y":1,"w":93,"h":152},
	"sourceSize": {"w":115,"h":160}
},
{
	"filename": "shoot0022.png",
	"frame": {"x":194,"y":1049,"w":93,"h":152},
	"rotated": false,
	"trimmed": true,
	"spriteSourceSize": {"x":10,"y":1,"w":93,"h":152},
	"sourceSize": {"w":115,"h":160}
},
{
	"filename": "shoot0023.png",
	"frame": {"x":289,"y":1049,"w":93,"h":152},
	"rotated": false,
	"trimmed": true,
	"spriteSourceSize": {"x":9,"y":1,"w":93,"h":152},
	"sourceSize": {"w":115,"h":160}
},
{
	"filename": "shoot0024.png",
	"frame": {"x":384,"y":1049,"w":93,"h":152},
	"rotated": false,
	"trimmed": true,
	"spriteSourceSize": {"x":9,"y":1,"w":93,"h":152},
	"sourceSize": {"w":115,"h":160}
},
{
	"filename": "shoot0025.png",
	"frame": {"x":479,"y":1049,"w":93,"h":152},
	"rotated": false,
	"trimmed": true,
	"spriteSourceSize": {"x":9,"y":1,"w":93,"h":152},
	"sourceSize": {"w":115,"h":160}
},
{
	"filename": "shoot0026.png",
	"frame": {"x":574,"y":1049,"w":89,"h":152},
	"rotated": false,
	"trimmed": true,
	"spriteSourceSize": {"x":10,"y":1,"w":89,"h":152},
	"sourceSize": {"w":115,"h":160}
},
{
	"filename": "shoot0027.png",
	"frame": {"x":665,"y":1049,"w":87,"h":152},
	"rotated": false,
	"trimmed": true,
	"spriteSourceSize": {"x":10,"y":1,"w":87,"h":152},
	"sourceSize": {"w":115,"h":160}
},
{
	"filename": "shoot0028.png",
	"frame": {"x":754,"y":1049,"w":85,"h":152},
	"rotated": false,
	"trimmed": true,
	"spriteSourceSize": {"x":10,"y":1,"w":85,"h":152},
	"sourceSize": {"w":115,"h":160}
},
{
	"filename": "shoot0029.png",
	"frame": {"x":841,"y":1049,"w":83,"h":152},
	"rotated": false,
	"trimmed": true,
	"spriteSourceSize": {"x":9,"y":1,"w":83,"h":152},
	"sourceSize": {"w":115,"h":160}
},
{
	"filename": "speedup0001.png",
	"frame": {"x":2,"y":1203,"w":100,"h":143},
	"rotated": false,
	"trimmed": true,
	"spriteSourceSize": {"x":12,"y":11,"w":100,"h":143},
	"sourceSize": {"w":194,"h":163}
},
{
	"filename": "speedup0002.png",
	"frame": {"x":104,"y":1203,"w":100,"h":143},
	"rotated": false,
	"trimmed": true,
	"spriteSourceSize": {"x":11,"y":11,"w":100,"h":143},
	"sourceSize": {"w":194,"h":163}
},
{
	"filename": "speedup0003.png",
	"frame": {"x":206,"y":1203,"w":94,"h":147},
	"rotated": false,
	"trimmed": true,
	"spriteSourceSize": {"x":12,"y":9,"w":94,"h":147},
	"sourceSize": {"w":194,"h":163}
},
{
	"filename": "speedup0004.png",
	"frame": {"x":302,"y":1203,"w":86,"h":149},
	"rotated": false,
	"trimmed": true,
	"spriteSourceSize": {"x":12,"y":8,"w":86,"h":149},
	"sourceSize": {"w":194,"h":163}
},
{
	"filename": "speedup0005.png",
	"frame": {"x":390,"y":1203,"w":84,"h":147},
	"rotated": false,
	"trimmed": true,
	"spriteSourceSize": {"x":9,"y":8,"w":84,"h":147},
	"sourceSize": {"w":194,"h":163}
},
{
	"filename": "speedup0006.png",
	"frame": {"x":476,"y":1203,"w":84,"h":149},
	"rotated": false,
	"trimmed": true,
	"spriteSourceSize": {"x":9,"y":5,"w":84,"h":149},
	"sourceSize": {"w":194,"h":163}
},
{
	"filename": "speedup0007.png",
	"frame": {"x":562,"y":1203,"w":88,"h":151},
	"rotated": false,
	"trimmed": true,
	"spriteSourceSize": {"x":5,"y":3,"w":88,"h":151},
	"sourceSize": {"w":194,"h":163}
},
{
	"filename": "speedup0008.png",
	"frame": {"x":652,"y":1203,"w":90,"h":153},
	"rotated": false,
	"trimmed": true,
	"spriteSourceSize": {"x":3,"y":1,"w":90,"h":153},
	"sourceSize": {"w":194,"h":163}
},
{
	"filename": "speedup0009.png",
	"frame": {"x":744,"y":1203,"w":90,"h":153},
	"rotated": false,
	"trimmed": true,
	"spriteSourceSize": {"x":3,"y":1,"w":90,"h":153},
	"sourceSize": {"w":194,"h":163}
},
{
	"filename": "speedup0010.png",
	"frame": {"x":836,"y":1203,"w":92,"h":153},
	"rotated": false,
	"trimmed": true,
	"spriteSourceSize": {"x":1,"y":1,"w":92,"h":153},
	"sourceSize": {"w":194,"h":163}
},
{
	"filename": "speedup0011.png",
	"frame": {"x":930,"y":1203,"w":90,"h":153},
	"rotated": false,
	"trimmed": true,
	"spriteSourceSize": {"x":4,"y":1,"w":90,"h":153},
	"sourceSize": {"w":194,"h":163}
},
{
	"filename": "speedup0012.png",
	"frame": {"x":2,"y":1358,"w":88,"h":151},
	"rotated": false,
	"trimmed": true,
	"spriteSourceSize": {"x":7,"y":3,"w":88,"h":151},
	"sourceSize": {"w":194,"h":163}
},
{
	"filename": "speedup0013.png",
	"frame": {"x":92,"y":1358,"w":84,"h":151},
	"rotated": false,
	"trimmed": true,
	"spriteSourceSize": {"x":12,"y":3,"w":84,"h":151},
	"sourceSize": {"w":194,"h":163}
},
{
	"filename": "speedup0014.png",
	"frame": {"x":178,"y":1358,"w":86,"h":149},
	"rotated": false,
	"trimmed": true,
	"spriteSourceSize": {"x":12,"y":5,"w":86,"h":149},
	"sourceSize": {"w":194,"h":163}
},
{
	"filename": "speedup0015.png",
	"frame": {"x":266,"y":1358,"w":88,"h":149},
	"rotated": false,
	"trimmed": true,
	"spriteSourceSize": {"x":12,"y":5,"w":88,"h":149},
	"sourceSize": {"w":194,"h":163}
},
{
	"filename": "speedup0016.png",
	"frame": {"x":356,"y":1358,"w":90,"h":149},
	"rotated": false,
	"trimmed": true,
	"spriteSourceSize": {"x":13,"y":6,"w":90,"h":149},
	"sourceSize": {"w":194,"h":163}
},
{
	"filename": "speedup0017.png",
	"frame": {"x":448,"y":1358,"w":92,"h":151},
	"rotated": false,
	"trimmed": true,
	"spriteSourceSize": {"x":13,"y":6,"w":92,"h":151},
	"sourceSize": {"w":194,"h":163}
},
{
	"filename": "speedup0018.png",
	"frame": {"x":542,"y":1358,"w":94,"h":149},
	"rotated": false,
	"trimmed": true,
	"spriteSourceSize": {"x":12,"y":8,"w":94,"h":149},
	"sourceSize": {"w":194,"h":163}
},
{
	"filename": "speedup0019.png",
	"frame": {"x":638,"y":1358,"w":96,"h":149},
	"rotated": false,
	"trimmed": true,
	"spriteSourceSize": {"x":12,"y":9,"w":96,"h":149},
	"sourceSize": {"w":194,"h":163}
},
{
	"filename": "speedup0020.png",
	"frame": {"x":736,"y":1358,"w":96,"h":147},
	"rotated": false,
	"trimmed": true,
	"spriteSourceSize": {"x":13,"y":10,"w":96,"h":147},
	"sourceSize": {"w":194,"h":163}
},
{
	"filename": "speedup0021.png",
	"frame": {"x":834,"y":1358,"w":98,"h":147},
	"rotated": false,
	"trimmed": true,
	"spriteSourceSize": {"x":12,"y":10,"w":98,"h":147},
	"sourceSize": {"w":194,"h":163}
},
{
	"filename": "speedup0022.png",
	"frame": {"x":2,"y":1511,"w":100,"h":145},
	"rotated": false,
	"trimmed": true,
	"spriteSourceSize": {"x":11,"y":11,"w":100,"h":145},
	"sourceSize": {"w":194,"h":163}
},
{
	"filename": "speedup0023.png",
	"frame": {"x":104,"y":1511,"w":102,"h":145},
	"rotated": false,
	"trimmed": true,
	"spriteSourceSize": {"x":10,"y":10,"w":102,"h":145},
	"sourceSize": {"w":194,"h":163}
},
{
	"filename": "speedup0024.png",
	"frame": {"x":208,"y":1511,"w":102,"h":145},
	"rotated": false,
	"trimmed": true,
	"spriteSourceSize": {"x":10,"y":10,"w":102,"h":145},
	"sourceSize": {"w":194,"h":163}
},
{
	"filename": "speedup0025.png",
	"frame": {"x":312,"y":1511,"w":102,"h":143},
	"rotated": false,
	"trimmed": true,
	"spriteSourceSize": {"x":10,"y":11,"w":102,"h":143},
	"sourceSize": {"w":194,"h":163}
},
{
	"filename": "speedup0026.png",
	"frame": {"x":416,"y":1511,"w":102,"h":143},
	"rotated": false,
	"trimmed": true,
	"spriteSourceSize": {"x":11,"y":11,"w":102,"h":143},
	"sourceSize": {"w":194,"h":163}
}],
"meta": {
	"app": "http://www.codeandweb.com/texturepacker ",
	"version": "1.0",
	"image": "hero.png",
	"format": "RGBA8888",
	"size": {"w":1024,"h":2048},
	"scale": "1",
	"smartupdate": "$TexturePacker:SmartUpdate:b91de2c553c663b47772c49af86f8f7e:cdbde8a5ebcd9cf0e332a00e6e1f006a:eec64b416d3f54b5cb5181ef71d8f236$"
}
}
