{"frames": [

{
	"filename": "idle0001.png",
	"frame": {"x":782,"y":434,"w":83,"h":151},
	"rotated": false,
	"trimmed": true,
	"spriteSourceSize": {"x":0,"y":1,"w":83,"h":151},
	"sourceSize": {"w":93,"h":157}
},
{
	"filename": "idle0002.png",
	"frame": {"x":867,"y":434,"w":83,"h":151},
	"rotated": false,
	"trimmed": true,
	"spriteSourceSize": {"x":0,"y":1,"w":83,"h":151},
	"sourceSize": {"w":93,"h":157}
},
{
	"filename": "idle0003.png",
	"frame": {"x":2,"y":588,"w":83,"h":151},
	"rotated": false,
	"trimmed": true,
	"spriteSourceSize": {"x":0,"y":1,"w":83,"h":151},
	"sourceSize": {"w":93,"h":157}
},
{
	"filename": "idle0004.png",
	"frame": {"x":87,"y":588,"w":83,"h":151},
	"rotated": false,
	"trimmed": true,
	"spriteSourceSize": {"x":0,"y":1,"w":83,"h":151},
	"sourceSize": {"w":93,"h":157}
},
{
	"filename": "idle0005.png",
	"frame": {"x":172,"y":588,"w":83,"h":149},
	"rotated": false,
	"trimmed": true,
	"spriteSourceSize": {"x":0,"y":3,"w":83,"h":149},
	"sourceSize": {"w":93,"h":157}
},
{
	"filename": "idle0006.png",
	"frame": {"x":257,"y":588,"w":83,"h":149},
	"rotated": false,
	"trimmed": true,
	"spriteSourceSize": {"x":0,"y":3,"w":83,"h":149},
	"sourceSize": {"w":93,"h":157}
},
{
	"filename": "idle0007.png",
	"frame": {"x":342,"y":588,"w":83,"h":149},
	"rotated": false,
	"trimmed": true,
	"spriteSourceSize": {"x":0,"y":3,"w":83,"h":149},
	"sourceSize": {"w":93,"h":157}
},
{
	"filename": "idle0008.png",
	"frame": {"x":427,"y":588,"w":83,"h":149},
	"rotated": false,
	"trimmed": true,
	"spriteSourceSize": {"x":0,"y":3,"w":83,"h":149},
	"sourceSize": {"w":93,"h":157}
},
{
	"filename": "idle0009.png",
	"frame": {"x":512,"y":588,"w":83,"h":151},
	"rotated": false,
	"trimmed": true,
	"spriteSourceSize": {"x":0,"y":1,"w":83,"h":151},
	"sourceSize": {"w":93,"h":157}
},
{
	"filename": "idle0010.png",
	"frame": {"x":597,"y":588,"w":83,"h":151},
	"rotated": false,
	"trimmed": true,
	"spriteSourceSize": {"x":0,"y":1,"w":83,"h":151},
	"sourceSize": {"w":93,"h":157}
},
{
	"filename": "idle0011.png",
	"frame": {"x":682,"y":588,"w":83,"h":151},
	"rotated": false,
	"trimmed": true,
	"spriteSourceSize": {"x":0,"y":1,"w":83,"h":151},
	"sourceSize": {"w":93,"h":157}
},
{
	"filename": "idle0012.png",
	"frame": {"x":767,"y":588,"w":83,"h":151},
	"rotated": false,
	"trimmed": true,
	"spriteSourceSize": {"x":0,"y":1,"w":83,"h":151},
	"sourceSize": {"w":93,"h":157}
},
{
	"filename": "idle0013.png",
	"frame": {"x":852,"y":588,"w":83,"h":151},
	"rotated": false,
	"trimmed": true,
	"spriteSourceSize": {"x":0,"y":1,"w":83,"h":151},
	"sourceSize": {"w":93,"h":157}
},
{
	"filename": "idle0014.png",
	"frame": {"x":937,"y":588,"w":83,"h":151},
	"rotated": false,
	"trimmed": true,
	"spriteSourceSize": {"x":0,"y":1,"w":83,"h":151},
	"sourceSize": {"w":93,"h":157}
},
{
	"filename": "idle0015.png",
	"frame": {"x":2,"y":741,"w":83,"h":151},
	"rotated": false,
	"trimmed": true,
	"spriteSourceSize": {"x":0,"y":1,"w":83,"h":151},
	"sourceSize": {"w":93,"h":157}
},
{
	"filename": "idle0016.png",
	"frame": {"x":87,"y":741,"w":83,"h":151},
	"rotated": false,
	"trimmed": true,
	"spriteSourceSize": {"x":0,"y":1,"w":83,"h":151},
	"sourceSize": {"w":93,"h":157}
},
{
	"filename": "idle0017.png",
	"frame": {"x":172,"y":741,"w":83,"h":151},
	"rotated": false,
	"trimmed": true,
	"spriteSourceSize": {"x":0,"y":1,"w":83,"h":151},
	"sourceSize": {"w":93,"h":157}
}],
"meta": {
	"app": "http://www.codeandweb.com/texturepacker ",
	"version": "1.0",
	"image": "hero.png",
	"format": "RGBA8888",
	"size": {"w":1024,"h":2048},
	"scale": "1",
	"smartupdate": "$TexturePacker:SmartUpdate:b91de2c553c663b47772c49af86f8f7e:cdbde8a5ebcd9cf0e332a00e6e1f006a:eec64b416d3f54b5cb5181ef71d8f236$"
}
}
