{"frames": [


{
	"filename": "shoot0001.png",
	"frame": {"x":349,"y":741,"w":83,"h":152},
	"rotated": false,
	"trimmed": true,
	"spriteSourceSize": {"x":9,"y":1,"w":83,"h":152},
	"sourceSize": {"w":115,"h":160}
},
{
	"filename": "shoot0002.png",
	"frame": {"x":434,"y":741,"w":83,"h":152},
	"rotated": false,
	"trimmed": true,
	"spriteSourceSize": {"x":7,"y":1,"w":83,"h":152},
	"sourceSize": {"w":115,"h":160}
},
{
	"filename": "shoot0003.png",
	"frame": {"x":519,"y":741,"w":85,"h":152},
	"rotated": false,
	"trimmed": true,
	"spriteSourceSize": {"x":5,"y":1,"w":85,"h":152},
	"sourceSize": {"w":115,"h":160}
},
{
	"filename": "shoot0004.png",
	"frame": {"x":606,"y":741,"w":81,"h":152},
	"rotated": false,
	"trimmed": true,
	"spriteSourceSize": {"x":5,"y":1,"w":81,"h":152},
	"sourceSize": {"w":115,"h":160}
},
{
	"filename": "shoot0005.png",
	"frame": {"x":689,"y":741,"w":79,"h":152},
	"rotated": false,
	"trimmed": true,
	"spriteSourceSize": {"x":3,"y":1,"w":79,"h":152},
	"sourceSize": {"w":115,"h":160}
},
{
	"filename": "shoot0006.png",
	"frame": {"x":770,"y":741,"w":81,"h":152},
	"rotated": false,
	"trimmed": true,
	"spriteSourceSize": {"x":2,"y":1,"w":81,"h":152},
	"sourceSize": {"w":115,"h":160}
},
{
	"filename": "shoot0007.png",
	"frame": {"x":853,"y":741,"w":81,"h":152},
	"rotated": false,
	"trimmed": true,
	"spriteSourceSize": {"x":2,"y":1,"w":81,"h":152},
	"sourceSize": {"w":115,"h":160}
},
{
	"filename": "shoot0008.png",
	"frame": {"x":936,"y":741,"w":83,"h":152},
	"rotated": false,
	"trimmed": true,
	"spriteSourceSize": {"x":0,"y":1,"w":83,"h":152},
	"sourceSize": {"w":115,"h":160}
},
{
	"filename": "shoot0009.png",
	"frame": {"x":2,"y":895,"w":83,"h":152},
	"rotated": false,
	"trimmed": true,
	"spriteSourceSize": {"x":0,"y":1,"w":83,"h":152},
	"sourceSize": {"w":115,"h":160}
},
{
	"filename": "shoot0010.png",
	"frame": {"x":87,"y":895,"w":83,"h":152},
	"rotated": false,
	"trimmed": true,
	"spriteSourceSize": {"x":0,"y":1,"w":83,"h":152},
	"sourceSize": {"w":115,"h":160}
},
{
	"filename": "shoot0011.png",
	"frame": {"x":172,"y":895,"w":81,"h":152},
	"rotated": false,
	"trimmed": true,
	"spriteSourceSize": {"x":2,"y":1,"w":81,"h":152},
	"sourceSize": {"w":115,"h":160}
},
{
	"filename": "shoot0012.png",
	"frame": {"x":255,"y":895,"w":81,"h":152},
	"rotated": false,
	"trimmed": true,
	"spriteSourceSize": {"x":2,"y":1,"w":81,"h":152},
	"sourceSize": {"w":115,"h":160}
},
{
	"filename": "shoot0013.png",
	"frame": {"x":338,"y":895,"w":77,"h":152},
	"rotated": false,
	"trimmed": true,
	"spriteSourceSize": {"x":6,"y":1,"w":77,"h":152},
	"sourceSize": {"w":115,"h":160}
},
{
	"filename": "shoot0014.png",
	"frame": {"x":417,"y":895,"w":75,"h":152},
	"rotated": false,
	"trimmed": true,
	"spriteSourceSize": {"x":12,"y":1,"w":75,"h":152},
	"sourceSize": {"w":115,"h":160}
},
{
	"filename": "shoot0015.png",
	"frame": {"x":494,"y":895,"w":77,"h":152},
	"rotated": false,
	"trimmed": true,
	"spriteSourceSize": {"x":17,"y":1,"w":77,"h":152},
	"sourceSize": {"w":115,"h":160}
},
{
	"filename": "shoot0016.png",
	"frame": {"x":573,"y":895,"w":89,"h":152},
	"rotated": false,
	"trimmed": true,
	"spriteSourceSize": {"x":15,"y":1,"w":89,"h":152},
	"sourceSize": {"w":115,"h":160}
},
{
	"filename": "shoot0017.png",
	"frame": {"x":664,"y":895,"w":99,"h":152},
	"rotated": false,
	"trimmed": true,
	"spriteSourceSize": {"x":11,"y":1,"w":99,"h":152},
	"sourceSize": {"w":115,"h":160}
},
{
	"filename": "shoot0018.png",
	"frame": {"x":765,"y":895,"w":99,"h":152},
	"rotated": false,
	"trimmed": true,
	"spriteSourceSize": {"x":9,"y":1,"w":99,"h":152},
	"sourceSize": {"w":115,"h":160}
},
{
	"filename": "shoot0019.png",
	"frame": {"x":866,"y":895,"w":97,"h":152},
	"rotated": false,
	"trimmed": true,
	"spriteSourceSize": {"x":9,"y":1,"w":97,"h":152},
	"sourceSize": {"w":115,"h":160}
},
{
	"filename": "shoot0020.png",
	"frame": {"x":2,"y":1049,"w":95,"h":152},
	"rotated": false,
	"trimmed": true,
	"spriteSourceSize": {"x":10,"y":1,"w":95,"h":152},
	"sourceSize": {"w":115,"h":160}
},
{
	"filename": "shoot0021.png",
	"frame": {"x":99,"y":1049,"w":93,"h":152},
	"rotated": false,
	"trimmed": true,
	"spriteSourceSize": {"x":10,"y":1,"w":93,"h":152},
	"sourceSize": {"w":115,"h":160}
},
{
	"filename": "shoot0022.png",
	"frame": {"x":194,"y":1049,"w":93,"h":152},
	"rotated": false,
	"trimmed": true,
	"spriteSourceSize": {"x":10,"y":1,"w":93,"h":152},
	"sourceSize": {"w":115,"h":160}
},
{
	"filename": "shoot0023.png",
	"frame": {"x":289,"y":1049,"w":93,"h":152},
	"rotated": false,
	"trimmed": true,
	"spriteSourceSize": {"x":9,"y":1,"w":93,"h":152},
	"sourceSize": {"w":115,"h":160}
},
{
	"filename": "shoot0024.png",
	"frame": {"x":384,"y":1049,"w":93,"h":152},
	"rotated": false,
	"trimmed": true,
	"spriteSourceSize": {"x":9,"y":1,"w":93,"h":152},
	"sourceSize": {"w":115,"h":160}
},
{
	"filename": "shoot0025.png",
	"frame": {"x":479,"y":1049,"w":93,"h":152},
	"rotated": false,
	"trimmed": true,
	"spriteSourceSize": {"x":9,"y":1,"w":93,"h":152},
	"sourceSize": {"w":115,"h":160}
},
{
	"filename": "shoot0026.png",
	"frame": {"x":574,"y":1049,"w":89,"h":152},
	"rotated": false,
	"trimmed": true,
	"spriteSourceSize": {"x":10,"y":1,"w":89,"h":152},
	"sourceSize": {"w":115,"h":160}
},
{
	"filename": "shoot0027.png",
	"frame": {"x":665,"y":1049,"w":87,"h":152},
	"rotated": false,
	"trimmed": true,
	"spriteSourceSize": {"x":10,"y":1,"w":87,"h":152},
	"sourceSize": {"w":115,"h":160}
},
{
	"filename": "shoot0028.png",
	"frame": {"x":754,"y":1049,"w":85,"h":152},
	"rotated": false,
	"trimmed": true,
	"spriteSourceSize": {"x":10,"y":1,"w":85,"h":152},
	"sourceSize": {"w":115,"h":160}
},
{
	"filename": "shoot0029.png",
	"frame": {"x":841,"y":1049,"w":83,"h":152},
	"rotated": false,
	"trimmed": true,
	"spriteSourceSize": {"x":9,"y":1,"w":83,"h":152},
	"sourceSize": {"w":115,"h":160}
}],
"meta": {
	"app": "http://www.codeandweb.com/texturepacker ",
	"version": "1.0",
	"image": "hero.png",
	"format": "RGBA8888",
	"size": {"w":1024,"h":2048},
	"scale": "1",
	"smartupdate": "$TexturePacker:SmartUpdate:b91de2c553c663b47772c49af86f8f7e:cdbde8a5ebcd9cf0e332a00e6e1f006a:eec64b416d3f54b5cb5181ef71d8f236$"
}
}
